{
  "builtin_entity_scope": [
    "snips/datetime"
  ],
  "config": {
    "unit_name": "tfidf_vectorizer",
    "use_stemming": false,
    "word_clusters_name": null
  },
  "language_code": "en",
  "vectorizer": {
    "idf_diag": [
      4.157000421150114,
      2.7707060600302227,
      4.157000421150114,
      3.8693183486983322,
      4.562465529258278,
      4.002849741322855,
      4.562465529258278,
      3.463853240590168,
      4.002849741322855,
      4.002849741322855,
      2.2598804362642317,
      4.157000421150114,
      2.904237452654745,
      4.157000421150114,
      4.562465529258278,
      2.514772685893022,
      3.8693183486983322,
      2.3652409519220585,
      4.562465529258278,
      2.7298840655099674,
      4.002849741322855,
      3.6461747973841225,
      2.8132656744490188,
      4.157000421150114,
      4.850147601710058,
      4.157000421150114,
      3.463853240590168,
      4.562465529258278,
      3.3838105329166317,
      3.5508646175797978,
      4.002849741322855,
      2.7707060600302227,
      4.339321977944068,
      3.463853240590168,
      4.002849741322855,
      4.562465529258278,
      4.562465529258278,
      3.5508646175797978,
      2.164570256459907,
      4.562465529258278,
      4.157000421150114,
      3.3097025607629096
    ],
    "vocab": {
      "?": 0,
      "a": 1,
      "airplane": 2,
      "an": 3,
      "apple": 4,
      "berlin": 5,
      "big": 6,
      "book": 7,
      "builtinentityfeaturesnipsdate": 8,
      "builtinentityfeaturesnipsdateperiod": 9,
      "builtinentityfeaturesnipsdatetime": 10,
      "can": 11,
      "cancel": 12,
      "chicago": 13,
      "djibouti": 14,
      "entityfeaturelocality": 15,
      "find": 16,
      "flight": 17,
      "francisco": 18,
      "from": 19,
      "go": 20,
      "have": 21,
      "i": 22,
      "istanbul": 23,
      "london": 24,
      "madrid": 25,
      "me": 26,
      "moscow": 27,
      "my": 28,
      "need": 29,
      "new": 30,
      "of": 31,
      "paris": 32,
      "please": 33,
      "s": 34,
      "san": 35,
      "singapore": 36,
      "tickets": 37,
      "to": 38,
      "tokyo": 39,
      "york": 40,
      "you": 41
    }
  }
}